Id,Category
10128546863_8de70c610d.jpg,rose
10200780773_c6051a7d71_n.jpg,dandelion
10437754174_22ec990b77_m.jpg,dandelion
105806915_a9c13e2106_n.jpg,dandelion
10993818044_4c19b86c82.jpg,dandelion
10994032453_ac7f8d9e2e.jpg,daisy
110147301_ad921e2828.jpg,tulip
11124381625_24b17662bd_n.jpg,daisy
1140299375_3aa7024466.jpg,dandelion
11746548_26b3256922_n.jpg,rose
12094442595_297494dba4_m.jpg,sunflower
12193032636_b50ae7db35_n.jpg,dandelion
1240625276_fb3bd0c7b1.jpg,sunflower
1241011700_261ae180ca.jpg,daisy
12584810723_c97d00fcfd.jpg,tulip
12585131704_0f64b17059_m.jpg,dandelion
127192624_afa3d9cb84.jpg,sunflower
13471273823_4800ca8eec.jpg,daisy
13472141763_f2517e7f0d.jpg,rose
13472393854_b2530f7029_n.jpg,rose
13513851673_9d813dc7b0.jpg,tulip
1353748522_b9c630b162.jpg,rose
13539827514_79b60b6c22_n.jpg,sunflower
13542672763_20c3cb9272.jpg,daisy
1355787476_32e9f2a30b.jpg,tulip
13561908485_7e4f8d508b.jpg,tulip
13910126337_53faf1d214_n.jpg,dandelion
13910677675_4900fa3dbf_n.jpg,daisy
13920113_f03e867ea7_m.jpg,daisy
13929462317_96342a9a44.jpg,tulip
13974542496_e4b5d1c913_n.jpg,rose
14017640283_c417141832_n.jpg,rose
14025589299_eac64c51af_m.jpg,daisy
14039129738_cc3ac0a623_n.jpg,rose
14039130008_f4b2807607_n.jpg,dandelion
14046760909_0c73e84a1f_n.jpg,rose
14053292975_fdc1093571_n.jpg,rose
14054827092_f359f5fcbd_m.jpg,rose
14078067903_92f5eb27ff.jpg,sunflower
14084749296_6143c74c72_m.jpg,rose
14085038920_2ee4ce8a8d.jpg,daisy
14087361621_9fefb8dbef.jpg,rose
14090534565_5857ce4b7c_n.jpg,tulip
14110615113_bd7b3fcb84.jpg,tulip
14185089716_2a48298d17.jpg,daisy
141935731_d26d600f4f_m.jpg,daisy
14239946452_b0c8f018fe_n.jpg,rose
14244410747_22691ece4a_n.jpg,sunflower
14255917256_84c23c572b.jpg,rose
14278331403_4c475f9a9b.jpg,rose
14306875733_61d71c64c0_n.jpg,daisy
14312910041_b747240d56_n.jpg,dandelion
14330343061_99478302d4_m.jpg,dandelion
14375349004_68d893254a_n.jpg,daisy
14457225751_645a3784fd_n.jpg,daisy
14494590921_3bb1dc7b88_n.jpg,tulip
14523675369_97c31d0b5b.jpg,dandelion
14600779226_7bbc288d40_m.jpg,dandelion
14613443462_d4ed356201.jpg,dandelion
146242691_44d9c9d6ce_n.jpg,daisy
14674389605_df3c0bcfa1_m.jpg,tulip
14707111433_cce08ee007.jpg,dandelion
14741813110_94964c39e2_n.jpg,sunflower
14741866338_bdc8bfc8d5_n.jpg,sunflower
14747962886_2bff6bb323_m.jpg,daisy
14858674096_ed0fc1a130.jpg,sunflower
148698493_5710e5f472.jpg,daisy
14901528533_ac1ce09063.jpg,sunflower
14921511479_7b0a647795.jpg,daisy
15011625580_7974c44bce.jpg,tulip
15052586652_56a82de133_m.jpg,tulip
15118243470_7e0a7f159c_n.jpg,dandelion
151979452_9832f08b69.jpg,daisy
15202632426_d88efb321a_n.jpg,tulip
15207766_fc2f1d692c_n.jpg,daisy
15275190769_0ed7bbf490.jpg,rose
15277801151_5ed88f40f0_n.jpg,rose
15297244181_011883a631_m.jpg,dandelion
15378782362_4161b23af7_m.jpg,daisy
15472217046_2699b25584.jpg,sunflower
15602874619_03fd934bed.jpg,sunflower
1562198683_8cd8cb5876_n.jpg,tulip
15674450867_0ced942941_n.jpg,tulip
15683877266_42e0fe3782_n.jpg,rose
15699509054_d3e125286f_n.jpg,tulip
15745084272_36402f5ee6_n.jpg,sunflower
15811380728_5053455c50_n.jpg,tulip
15811411368_f4f2cd8873_n.jpg,tulip
15816400548_c551da2212_n.jpg,tulip
15822837396_96b392fda8_m.jpg,tulip
15901230359_1819e96b89_n.jpg,tulip
15949087094_a8f565295c_m.jpg,tulip
15972976206_d32feeb79b_n.jpg,tulip
16020253176_60f2a6a5ca_n.jpg,dandelion
16062072523_1be3c0b61f.jpg,dandelion
16074109313_2cc14c7d16.jpg,rose
16100313047_c2e23cbb3d_n.jpg,tulip
16133651784_c244d86f82_n.jpg,tulip
16138212287_643bf336e1_m.jpg,tulip
164668737_aeab0cb55e_n.jpg,daisy
16495282564_d8c34d6a2e_m.jpg,dandelion
16568530400_f7e4ffc633_n.jpg,rose
16568820360_a938311dd3_n.jpg,tulip
16616096711_12375a0260_n.jpg,sunflower
16644790896_7b296ecd67_n.jpg,rose
16670377091_87987f50a4_n.jpg,rose
1667199972_7ba7d999c1_m.jpg,tulip
16700863150_ddaa4d89b4_n.jpg,rose
16819071290_471d99e166_m.jpg,dandelion
16970837587_4a9d8500d7.jpg,sunflower
17027891179_3edc08f4f6.jpg,dandelion
17080000869_a80e767f4a_m.jpg,daisy
17161833794_e1d92259d2_m.jpg,tulip
17165583356_38cb1f231d_n.jpg,rose
17198868382_697b23c715_n.jpg,rose
17220096449_0e535989f0_n.jpg,daisy
17244252705_328e0bcda6.jpg,daisy
17282288501_e8738c9cfb_n.jpg,rose
17291908295_dc7d45ae9b_n.jpg,tulip
17318339476_54479b6660_n.jpg,rose
17457028309_95514c8d02_n.jpg,daisy
17466568484_9128287148.jpg,daisy
17482158576_86c5ebc2f8.jpg,daisy
176375506_201859bb92_m.jpg,dandelion
17649230811_9bdbbacb8c.jpg,daisy
17869839663_1445f1efd0_n.jpg,tulip
1793211631_68c31a74dc.jpg,tulip
1801614110_bb9fa46830.jpg,dandelion
180613732_3a7aba0b80_n.jpg,daisy
18089878729_907ed2c7cd_m.jpg,dandelion
1813435848_7852708394_n.jpg,tulip
18220342690_f1c20134bd.jpg,rose
18237156988_9ceb46a8de_n.jpg,sunflower
18238604119_a5689980ee_n.jpg,sunflower
18243329421_771b4d938e.jpg,daisy
18464052396_6327841e65_n.jpg,rose
18464080946_a624ce6376_n.jpg,tulip
18482768066_677292a64e.jpg,daisy
18760363474_a707331322_n.jpg,tulip
18828277053_1493158b28.jpg,sunflower
18843967474_9cb552716b.jpg,rose
19153732586_9de58c8f53_n.jpg,tulip
19617501581_606be5f716_n.jpg,daisy
19617643201_9922eec796.jpg,daisy
19622465055_2a62ebd504_m.jpg,dandelion
19710076021_f5bb162540.jpg,sunflower
19912513252_93d8df17cf_n.jpg,tulip
200011914_93f57ed68b.jpg,sunflower
20022771089_3cc7e5086d_m.jpg,daisy
20138534672_af5fd5eb32_n.jpg,tulip
20295820576_8ed2250b5c_n.jpg,tulip
20406385204_469f6749e2_n.jpg,daisy
20410533613_56da1cce7c.jpg,daisy
20481273479_d459834a3e_n.jpg,daisy
20526614232_78ac8344bd_n.jpg,daisy
20535484712_8fc5c2a4e8_n.jpg,tulip
20580471306_ab5a011b15_n.jpg,dandelion
2059172936_032ffc12aa.jpg,tulip
20704967595_a9c9b8d431.jpg,sunflower
20777375650_ef854bf645.jpg,sunflower
21374127408_5ffbe87bb2.jpg,daisy
21402054779_759366efb0_n.jpg,dandelion
22190242684_8c3300d4e6.jpg,daisy
22429146402_332fa2fc72_m.jpg,sunflower
2326334426_2dc74fceb1.jpg,daisy
2332478138_28f1d586e4_n.jpg,rose
23414449869_ee849a80d4.jpg,daisy
2392273474_a64cef0eaf_n.jpg,daisy
2402342888_dd65677013.jpg,rose
2454280135_ac3aa75cdc_n.jpg,dandelion
2472641499_cbe617a93d.jpg,daisy
2479491210_98e41c4e7d_m.jpg,daisy
2491600761_7e9d6776e8_m.jpg,tulip
2509545845_99e79cb8a2_n.jpg,daisy
2512977446_ac498955ee.jpg,daisy
2517777524_e871ec5291_m.jpg,tulip
2520369272_1dcdb5a892_m.jpg,dandelion
2535466143_5823e48b63.jpg,tulip
2540640433_dedd577263.jpg,daisy
25429468133_6bfba75d94_n.jpg,rose
2579018590_74359dcf1a_m.jpg,dandelion
2581171297_b0a249b92b_n.jpg,dandelion
2588234269_c4bfd0d8b9_n.jpg,sunflower
26004221274_74900d17e1_n.jpg,daisy
2694860538_b95d60122c_m.jpg,daisy
2698102820_f15445a3f7.jpg,daisy
2723995667_31f32294b4.jpg,sunflower
2729206569_9dd2b5a3ed.jpg,sunflower
28661674053_44f8034570_n.jpg,sunflower
2877860110_a842f8b14a_m.jpg,dandelion
2883115609_5a69357b5d_m.jpg,daisy
2895404754_6d9f9416d7_n.jpg,sunflower
29138994986_267e0e36c9_n.jpg,daisy
29380234244_c50a60374e_n.jpg,rose
2938040169_eb38581359.jpg,daisy
295257304_de893fc94d.jpg,tulip
3052753519_d087aaeacb_n.jpg,rose
3146795631_d062f233c1.jpg,sunflower
3253320570_b617f7fd4b.jpg,tulip
3278709893_ba4956a572_n.jpg,tulip
3310644753_5607eb96a4_m.jpg,daisy
3334350831_f8755a2095_n.jpg,sunflower
3379332157_04724f6480.jpg,dandelion
33809174824_00ba798039_n.jpg,dandelion
3386988684_bc5a66005e.jpg,rose
33875654554_e5e4070fab_n.jpg,daisy
33877585464_b23cefb361_n.jpg,dandelion
33884228533_91b75ff4d4_n.jpg,dandelion
33890085903_0e10553b27_n.jpg,daisy
3393060921_2328b752f4.jpg,daisy
34275152390_44e7262261_n.jpg,dandelion
34334194690_0dfe3d8701_n.jpg,daisy
34343228430_8df9f1c03a_n.jpg,daisy
34351602790_37234e2dae_n.jpg,sunflower
34365073265_246c5c0561_n.jpg,daisy
34510103621_250ee7ae64_n.jpg,dandelion
34517409722_829ec7e152_n.jpg,dandelion
34522174462_b7cbee3ecb_n.jpg,dandelion
34531542152_c8ba2e0fea_n.jpg,dandelion
3454102259_957ecd0a9b.jpg,daisy
34571133752_0a9337993c_n.jpg,daisy
34578947551_863af3acb3_n.jpg,daisy
34601267911_00c92c9a04_n.jpg,dandelion
34637394046_f85541735d_n.jpg,dandelion
34652819496_0b6f758986_n.jpg,dandelion
3465443774_6b0c75a3b1_n.jpg,tulip
34679936936_9924d79c8d_n.jpg,rose
34694292346_83b4d97809_n.jpg,daisy
34719957845_c929f480a3_n.jpg,daisy
3472437817_7902b3d984_n.jpg,dandelion
3475870145_685a19116d.jpg,dandelion
3483303007_42e3f90da7.jpg,dandelion
3487229452_73e3004858.jpg,daisy
3494265422_9dba8f2191_n.jpg,dandelion
3502085373_edc2c36992_n.jpg,rose
3524204544_7233737b4f_m.jpg,rose
3526860692_4c551191b1_m.jpg,dandelion
3539077354_c67aa7168d_m.jpg,daisy
3558517884_0c7ca8b862_m.jpg,rose
3568114325_d6b1363497.jpg,sunflower
3621011057_0d03bd171b_n.jpg,tulip
3626132563_d955973447_n.jpg,rose
3628485766_4ff937954a_n.jpg,tulip
3634244527_e72c47842c_n.jpg,rose
3705716290_cb7d803130_n.jpg,tulip
3734999477_7f454081aa_n.jpg,sunflower
3749091071_c146b33c74_n.jpg,sunflower
3750771898_cfd50090ba_n.jpg,dandelion
3758221664_b19116d61f.jpg,dandelion
3780380240_ef9ec1b737_m.jpg,dandelion
3873271620_1d9d314f01_n.jpg,tulip
3883895985_bd20198371.jpg,daisy
3884437548_ca8c36be3f_n.jpg,daisy
3889699518_77bf85bf44_n.jpg,daisy
3894586562_5dbbdc4354_n.jpg,sunflower
3900172983_9312fdf39c_n.jpg,daisy
394990940_7af082cf8d_n.jpg,tulip
3962240986_0661edc43a_n.jpg,dandelion
3991423020_9aaf2b5974_n.jpg,rose
402525114_eaa60c8341_m.jpg,rose
4082856478_741a411ebb.jpg,daisy
4117620896_070e5887ae_m.jpg,tulip
4243078361_7b92a932cd_n.jpg,tulip
4275776457_d04b597cfa_n.jpg,daisy
4276898893_609d11db8b.jpg,dandelion
4286053334_a75541f20b_m.jpg,dandelion
4290112545_3528055993_m.jpg,sunflower
4301689054_20519e5b68.jpg,dandelion
4333085242_bbeb3e2841_m.jpg,tulip
4363734507_5cc4ed6e01.jpg,tulip
4414080766_5116e8084e.jpg,sunflower
4489516263_e49fe82637_n.jpg,sunflower
4496202781_1d8e776ff5_n.jpg,dandelion
4500964841_b1142b50fb_n.jpg,sunflower
4512569988_2b3f802cc6.jpg,daisy
4552571121_2677bcdec3.jpg,daisy
4555842486_dd214a84d7_n.jpg,rose
455728598_c5f3e7fc71_m.jpg,sunflower
4558562689_c8e2ab9f10.jpg,daisy
4565255237_9ba29c4d4e_n.jpg,dandelion
4588034197_e300b0872a_n.jpg,tulip
459042023_6273adc312_n.jpg,tulip
4590702749_e1df8e0c1b.jpg,rose
4591323356_030d8b6967_m.jpg,rose
459748276_69101b0cec_n.jpg,dandelion
4604238410_bcec9da4a0_n.jpg,tulip
4612784323_0bcfb978f0_n.jpg,dandelion
463736819_f779800165.jpg,sunflower
4638438929_2ec76083c8_m.jpg,daisy
4657801292_73bef15031.jpg,daisy
466486216_ab13b55763.jpg,rose
4666648087_b10f376f19.jpg,dandelion
4673984698_6ec14d5b79.jpg,sunflower
4689061249_6498da5013.jpg,daisy
4694734757_5c563d38dd_n.jpg,dandelion
4713958242_fbcfe9a61b_m.jpg,daisy
4721773235_429acdf496_n.jpg,daisy
4735314389_94fe1b2a9f_n.jpg,dandelion
485266837_671def8627.jpg,rose
485415743_eeb5d7c1a5.jpg,tulip
4860145119_b1c3cbaa4e_n.jpg,tulip
4872284527_ff52128b97.jpg,sunflower
4893660821_eb7f02bef3_n.jpg,sunflower
4895719476_bd3b6bd6fd_n.jpg,daisy
4895720722_8247f2015b_n.jpg,dandelion
4955884820_7e4ce4d7e5_m.jpg,rose
498159452_b71afd65ba.jpg,dandelion
4998708839_c53ee536a8_n.jpg,tulip
5001853887_0623dd2111_n.jpg,dandelion
5001858821_731d128f20_n.jpg,dandelion
5002446424_b86e3c646f_n.jpg,tulip
5002447434_9b06760f63_n.jpg,dandelion
5002447916_8a7b7b689a_n.jpg,tulip
5002453148_5a7bbcce64_n.jpg,tulip
5002455332_9de0b1e85f_n.jpg,dandelion
5002458392_f465ed905e_n.jpg,dandelion
5002460330_7286e80967_n.jpg,dandelion
5042785753_392cc4e74d_n.jpg,daisy
505517255_cfbb6f6394.jpg,daisy
5139971615_434ff8ed8b_n.jpg,sunflower
5180861654_0741222c62_n.jpg,sunflower
5249439791_196b4e7fc7.jpg,dandelion
5273722065_c85d8543c2_m.jpg,daisy
5336546068_8fd643243c_n.jpg,tulip
5336551122_2df8fee6da_n.jpg,tulip
534547364_3f6b7279d2_n.jpg,dandelion
5349249933_f02c8ea7de_n.jpg,tulip
5349865018_99cd7f985a_n.jpg,tulip
5417115048_3b78d6c875_n.jpg,tulip
5434901893_4550be3f84_m.jpg,tulip
5502949025_96d11a17ff_n.jpg,tulip
5529939805_1679b014e1_n.jpg,rose
5626895440_97a0ec04c2_n.jpg,dandelion
5637140035_e6c5514f54.jpg,rose
5666286130_1dc6f66f09_n.jpg,rose
5670543216_8c4cb0caa8_m.jpg,daisy
5670916806_df4316006f_n.jpg,tulip
5673112305_02fe19297b_n.jpg,daisy
5674132053_b40a7d32ca.jpg,rose
5674167473_ac696c8989_n.jpg,dandelion
5674707464_dc18de05b1.jpg,daisy
5674707921_1ffd141bab_n.jpg,sunflower
5693502877_41c11295b6_n.jpg,tulip
5717950507_087513ecbf_n.jpg,rose
5717951105_72b6f58838_n.jpg,tulip
5718512658_f3b1ec76d7_n.jpg,rose
5718512892_a175a94c45_n.jpg,rose
5725836812_a7d1c5540d_m.jpg,rose
5730908127_da871df0f8.jpg,rose
5794835_d15905c7c8_n.jpg,dandelion
5799616059_0ffda02e54.jpg,dandelion
5811226952_4650ed70ae_n.jpg,daisy
5873232330_59818dee03_n.jpg,daisy
5891485349_cce7b99549.jpg,rose
5955501969_e42f038a6f_n.jpg,sunflower
5973935729_2868f2db1f_n.jpg,tulip
5990626258_697f007308_n.jpg,tulip
6103898045_e066cdeedf_n.jpg,daisy
6104442744_ee2bcd32e7_n.jpg,daisy
6198569587_23c3693328_m.jpg,sunflower
6231418894_7946a7712b_n.jpg,tulip
6250363717_17732e992e_n.jpg,daisy
6250692311_cb60c85ee9_n.jpg,sunflower
6280787884_141cd7b382_n.jpg,tulip
6325571510_7544b27e57_n.jpg,tulip
6606823367_e89dc52a95_n.jpg,daisy
6776075110_1ea7a09dd4_n.jpg,dandelion
6799076717_575944af91_m.jpg,tulip
6884975451_c74f445d69_m.jpg,dandelion
7002703410_3e97b29da5_n.jpg,tulip
7012364067_5ffc7654c9_m.jpg,daisy
7064778965_ddcc6ee9f2.jpg,tulip
7133935763_82b17c8e1b_n.jpg,daisy
7166564830_8b34a3fd35_n.jpg,rose
7166640338_46b15d9ec8_n.jpg,rose
7176736574_14446539cb_n.jpg,sunflower
7188513571_c8527b123a_n.jpg,dandelion
7189043225_2fe781439a_n.jpg,tulip
7197581386_8a51f1bb12_n.jpg,daisy
7211616670_2d49ecb3a5_m.jpg,dandelion
7226987694_34552c3115_n.jpg,daisy
7243478942_30bf542a2d_m.jpg,daisy
7247192002_39b79998f0_n.jpg,daisy
7267547016_c8903920bf.jpg,daisy
7291185504_b740bbeba4_m.jpg,daisy
7368449232_c99f49b2e6_n.jpg,daisy
7377004908_5bc0cde347_n.jpg,dandelion
7416083788_fcb4c4f27e_n.jpg,dandelion
7447655334_e8f805ab95_m.jpg,rose
7455236056_b6d71a8dab.jpg,tulip
7481118128_b2de9538b4_n.jpg,tulip
7481204112_e3c57dd40a_n.jpg,rose
7481215720_73e40f178f_n.jpg,tulip
7481217920_6f65766a1c_n.jpg,rose
7492109308_bbbb982ebe_n.jpg,sunflower
7820305664_82148f3bfb_n.jpg,sunflower
8008629838_c62bb2b016_n.jpg,dandelion
8079778274_f2a400f749_n.jpg,daisy
8125886145_ae99f91fd0.jpg,tulip
8174935013_b16626b49b.jpg,sunflower
8220011556_28e0cab67f.jpg,daisy
8234846550_fdaf326dbe.jpg,sunflower
8265023280_713f2c69d0_m.jpg,daisy
8446495985_f72d851482.jpg,daisy
8520482921_21dd204ebd_n.jpg,rose
8533312924_ee09412645_n.jpg,daisy
864957037_c75373d1c5.jpg,sunflower
8663932737_0a603ab718_n.jpg,daisy
8677713853_1312f65e71.jpg,rose
8681420404_6ae114f036_n.jpg,daisy
8696022686_1f8d62c5cb_m.jpg,dandelion
8705462313_4458d64cd4.jpg,sunflower
8712243901_54d686319e_m.jpg,rose
8712266605_3787e346cd_n.jpg,rose
8712267391_c756f18ee7_n.jpg,rose
8713397694_bcbcbba2c2_n.jpg,rose
8729501081_b993185542_m.jpg,dandelion
8735646181_fa9787d4e0.jpg,sunflower
8758519201_16e8d2d781_n.jpg,tulip
877083343_e3338c4125.jpg,daisy
8838983024_5c1a767878_n.jpg,tulip
8935252770_263d682fe8_n.jpg,tulip
8980145452_efbd6e3b04.jpg,daisy
8983779970_9d3a6a3bf2_n.jpg,dandelion
8989067485_aab399460b_n.jpg,daisy
9010116368_2f51f1e086_n.jpg,daisy
9120905231_329598304e.jpg,dandelion
9161647994_e39b65cb9c_n.jpg,dandelion
9262004825_710346cde9_n.jpg,daisy
9309473873_9d62b9082e.jpg,sunflower
9321854387_5f77c926cb_n.jpg,dandelion
9350942387_5b1d043c26_n.jpg,dandelion
9404876600_04f6d37685.jpg,rose
9427945592_07a2676945_n.jpg,dandelion
9467543719_c4800becbb_m.jpg,dandelion
9483429732_5ae73eb672_n.jpg,sunflower
9491955955_d0b2c83834.jpg,daisy
9533964635_f38e6fa3c3.jpg,daisy
9558627290_353a14ba0b_m.jpg,sunflower
9611923744_013b29e4da_n.jpg,dandelion
